t,Fx,Fy,Fz,Mx,My,Mz,Rx,Ry,Rz
0.008,0,0,0,0,0,0,0,0.0735,0
0.016,0,0,0,0,0,0,0,0.0735,0
0.024,0,0,0,0,0,0,0,0.0735,0
0.032,0,0,0,0,0,0,0,0.0735,0
0.04,0,0,0,0,0,0,0,0.0735,0
0.048,0,0,0,0,0,0,0,0.0735,0
0.056,0,0,0,0,0,0,0,0.0735,0
0.064,0,0,0,0,0,0,0,0.0735,0
0.072,0,0,0,0,0,0,0,0.0735,0
0.08,0,0,0,0,0,0,0,0.0735,0
0.088,0,0,0,0,0,0,0,0.0735,0
0.096,0,0,0,0,0,0,0,0.0735,0
0.104,0,0,0,0,0,0,0,0.0735,0
0.112,0,0,0,0,0,0,0,0.0735,0
0.12,0,0,0,0,0,0,0,0.0735,0
0.128,0,0,0,0,0,0,0,0.0735,0
0.136,0,0,0,0,0,0,0,0.0735,0
0.144,0,0,0,0,0,0,0,0.0735,0
0.152,0,0,0,0,0,0,0,0.0735,0
0.16,0,0,0,0,0,0,0,0.0735,0
0.168,0,0,0,0,0,0,0,0.0735,0
0.176,0,0,0,0,0,0,0,0.0735,0
0.184,0,0,0,0,0,0,0,0.0735,0
0.192,0,0,0,0,0,0,0,0.0735,0
0.2,0,0,0,0,0,0,0,0.0735,0
0.208,0,0,0,0,0,0,0,0.0735,0
0.216,0,0,0,0,0,0,0,0.0735,0
0.224,0,0,0,0,0,0,0,0.0735,0
0.232,0,0,0,0,0,0,0,0.0735,0
0.24,0,0,0,0,0,0,0,0.0735,0
0.248,0,0,0,0,0,0,0,0.0735,0
0.256,0,0,0,0,0,0,0,0.0735,0
0.264,0,0,0,0,0,0,0,0.0735,0
0.272,0,0,0,0,0,0,0,0.0735,0
0.28,0,0,0,0,0,0,0,0.0735,0
0.288,0,0,0,0,0,0,0,0.0735,0
0.296,0,0,0,0,0,0,0,0.0735,0
0.304,0,0,0,0,0,0,0,0.0735,0
0.312,0,0,0,0,0,0,0,0.0735,0
0.32,0,0,0,0,0,0,0,0.0735,0
0.328,0,0,0,0,0,0,0,0.0735,0
0.336,0,0,0,0,0,0,0,0.0735,0
0.344,0,0,0,0,0,0,0,0.0735,0
0.352,0,0,0,0,0,0,0,0.0735,0
0.36,0,0,0,0,0,0,0,0.0735,0
0.368,0,0,0,0,0,0,0,0.0735,0
0.376,0,0,0,0,0,0,0,0.0735,0
0.384,0,0,0,0,0,0,0,0.0735,0
0.392,0,0,0,0,0,0,0,0.0735,0
0.4,0,0,0,0,0,0,0,0.0735,0
0.408,0,0,0,0,0,0,0,0.0735,0
0.416,0,0,0,0,0,0,0,0.0735,0
0.424,0,0,0,0,0,0,0,0.0735,0
0.432,0,0,0,0,0,0,0,0.0735,0
0.44,0,0,0,0,0,0,0,0.0735,0
0.448,0,0,0,0,0,0,0,0.0735,0
0.456,0,0,0,0,0,0,0,0.0735,0
0.464,0,0,0,0,0,0,0,0.0735,0
0.472,0,0,0,0,0,0,0,0.0735,0
0.48,0,0,0,0,0,0,0,0.0735,0
0.488,0,0,0,0,0,0,0,0.0735,0
0.496,0,0,0,0,0,0,0,0.0735,0
0.504,0,0,0,0,0,0,0,0.0735,0
0.512,0,0,0,0,0,0,0,0.0735,0
0.52,0,0,0,0,0,0,0,0.0735,0
0.528,0,0,0,0,0,0,0,0.0735,0
0.536,0,0,0,0,0,0,0,0.0735,0
0.544,0,0,0,0,0,0,0,0.0735,0
0.552,0,0,0,0,0,0,0,0.0735,0
0.56,0,0,0,0,0,0,0,0.0735,0
0.568,0,0,0,0,0,0,0,0.0735,0
0.576,0,0,0,0,0,0,0,0.0735,0
0.584,0,0,0,0,0,0,0,0.0735,0
0.592,0,0,0,0,0,0,0,0.0735,0
0.6,0,0,0,0,0,0,0,0.0735,0
0.608,0,0,0,0,0,0,0,0.0735,0
0.616,0,0,0,0,0,0,0,0.0735,0
0.624,0,0,0,0,0,0,0,0.0735,0
0.632,0,0,0,0,0,0,0,0.0735,0
0.64,0,0,0,0,0,0,0,0.0735,0
0.648,0,0,0,0,0,0,0,0.0735,0
0.656,0,0,0,0,0,0,0,0.0735,0
0.664,0,0,0,0,0,0,0,0.0735,0
0.672,0,0,0,0,0,0,0,0.0735,0
0.68,0,0,0,0,0,0,0,0.0735,0
0.688,0,0,0,0,0,0,0,0.0735,0
0.696,0,0,0,0,0,0,0,0.0735,0
0.704,0,0,0,0,0,0,0,0.0735,0
0.712,0,0,0,0,0,0,0,0.0735,0
0.72,0,0,0,0,0,0,0,0.0735,0
0.728,0,0,0,0,0,0,0,0.0735,0
0.736,0,0,0,0,0,0,0,0.0735,0
0.744,0,0,0,0,0,0,0,0.0735,0
0.752,0,0,0,0,0,0,0,0.0735,0
0.76,0,0,0,0,0,0,0,0.0735,0
0.768,0,0,0,0,0,0,0,0.0735,0
0.776,0,0,0,0,0,0,0,0.0735,0
0.784,0,0,0,0,0,0,0,0.0735,0
0.792,0,0,0,0,0,0,0,0.0735,0
0.8,0,0,0,0,0,0,0,0.0735,0
0.808,0,0,0,0,0,0,0,0.0735,0
0.816,0,0,0,0,0,0,0,0.0735,0
0.824,0,0,0,0,0,0,0,0.0735,0
0.832,0,0,0,0,0,0,0,0.0735,0
0.84,0,0,0,0,0,0,0,0.0735,0
0.848,0,0,0,0,0,0,0,0.0735,0
0.856,0,0,0,0,0,0,0,0.0735,0
0.864,0,0,0,0,0,0,0,0.0735,0
0.872,0,0,0,0,0,0,0,0.0735,0
0.88,0,0,0,0,0,0,0,0.0735,0
0.888,0,0,0,0,0,0,0,0.0735,0
0.896,0,0,0,0,0,0,0,0.0735,0
0.904,0,0,0,0,0,0,0,0.0735,0
0.912,0,0,0,0,0,0,0,0.0735,0
0.92,0,0,0,0,0,0,0,0.0735,0
0.928,0,0,0,0,0,0,0,0.0735,0
0.936,0,0,0,0,0,0,0,0.0735,0
0.944,0,0,0,0,0,0,0,0.0735,0
0.952,0,0,0,0,0,0,0,0.0735,0
0.96,0,0,0,0,0,0,0,0.0735,0
0.968,0,0,0,0,0,0,0,0.0735,0
0.976,0,0,0,0,0,0,0,0.0735,0
0.984,0,0,0,0,0,0,0,0.0735,0
0.992,0,0,0,0,0,0,0,0.0735,0
1,0,0,0,0,0,0,0,0.0735,0
1.008,0,0,0,0,0,0,0,0.0735,0
1.016,0,0,0,0,0,0,0,0.0735,0
1.024,0,0,0,0,0,0,0,0.0735,0
1.032,0,0,0,0,0,0,0,0.0735,0
1.04,0,0,0,0,0,0,0,0.0735,0
1.048,0,0,0,0,0,0,0,0.0735,0
1.056,0,0,0,0,0,0,0,0.0735,0
1.064,0,0,0,0,0,0,0,0.0735,0
1.072,0,0,0,0,0,0,0,0.0735,0
1.08,0,0,0,0,0,0,0,0.0735,0
1.088,0,0,0,0,0,0,0,0.0735,0
1.096,0,0,0,0,0,0,0,0.0735,0
1.104,0,0,0,0,0,0,0,0.0735,0
1.112,0,0,0,0,0,0,0,0.0735,0
1.12,0,0,0,0,0,0,0,0.0735,0
1.128,0,0,0,0,0,0,0,0.0735,0
1.136,0,0,0,0,0,0,0,0.0735,0
1.144,0,0,0,0,0,0,0,0.0735,0
1.152,0,0,0,0,0,0,0,0.0735,0
1.16,0,0,0,0,0,0,0,0.0735,0
1.168,0,0,0,0,0,0,0,0.0735,0
1.176,0,0,0,0,0,0,0,0.0735,0
1.184,0,0,0,0,0,0,0,0.0735,0
1.192,0,0,0,0,0,0,0,0.0735,0
1.2,0,0,0,0,0,0,0,0.0735,0
1.208,0,0,0,0,0,0,0,0.0735,0
1.216,0,0,0,0,0,0,0,0.0735,0
1.224,0,0,0,0,0,0,0,0.0735,0
1.232,0,0,0,0,0,0,0,0.0735,0
1.24,0,0,0,0,0,0,0,0.0735,0
1.248,0,0,0,0,0,0,0,0.0735,0
1.256,0,0,0,0,0,0,0,0.0735,0
1.264,0,0,0,0,0,0,0,0.0735,0
1.272,0,0,0,0,0,0,0,0.0735,0
1.28,0,0,0,0,0,0,0,0.0735,0
1.288,0,0,0,0,0,0,0,0.0735,0
1.296,0,0,0,0,0,0,0,0.0735,0
1.304,0,0,0,0,0,0,0,0.0735,0
1.312,0,0,0,0,0,0,0,0.0735,0
1.32,0,0,0,0,0,0,0,0.0735,0
1.328,0,0,0,0,0,0,0,0.0735,0
1.336,0,0,0,0,0,0,0,0.0735,0
1.344,0,0,0,0,0,0,0,0.0735,0
1.352,0,0,0,0,0,0,0,0.0735,0
1.36,0,0,0,0,0,0,0,0.0735,0
1.368,0,0,0,0,0,0,0,0.0735,0
1.376,0,0,0,0,0,0,0,0.0735,0
1.384,0,0,0,0,0,0,0,0.0735,0
1.392,0,0,0,0,0,0,0,0.0735,0
1.4,0,0,0,0,0,0,0,0.0735,0
1.408,0,0,0,0,0,0,0,0.0735,0
1.416,0,0,0,0,0,0,0,0.0735,0
1.424,0,0,0,0,0,0,0,0.0735,0
1.432,0,0,0,0,0,0,0,0.0735,0
1.44,0,0,0,0,0,0,0,0.0735,0
1.448,0,0,0,0,0,0,0,0.0735,0
1.456,0,0,0,0,0,0,0,0.0735,0
1.464,0,0,0,0,0,0,0,0.0735,0
1.472,0,0,0,0,0,0,0,0.0735,0
1.48,0,0,0,0,0,0,0,0.0735,0
1.488,0,0,0,0,0,0,0,0.0735,0
1.496,0,0,0,0,0,0,0,0.0735,0
1.504,-0.000289960073544648,-5.6114366181248e-05,-0.0695153329965592,-0.0843320969320818,0.000813588483090655,-0.0551133693746184,5.84800000000003e-05,0.0735,-5.39199999999997e-05
1.512,1.70530256582424e-13,1.77635683940025e-14,-0.0693191240916633,-0.0843307924416054,0.000818980872786312,-0.0551168351495361,0.000175440000000002,0.0735,-0.000161759999999998
1.52,1.52056145452661e-12,2.1316282072803e-12,-0.0693191240904696,-0.0843307924413179,0.000818980872667296,-0.0551168351496272,0.0002924,0.0735,-0.000269599999999996
1.528,2.1174173525651e-12,3.17612602884765e-12,-0.0693191240896454,-0.0843307924410375,0.000818980872498543,-0.0551168351496356,0.000409359999999985,0.0735,-0.000377439999999994
1.536,-1.73372427525464e-12,-1.27187149701058e-12,-0.0693191240886506,-0.0843307924409316,0.000818980872480779,-0.0551168351491889,0.000526319999999971,0.0735,-0.000485279999999991
1.544,7.35814182917238e-08,1.67745284329612e-08,-0.069319071665177,-0.0843307906555831,0.000818983689731212,-0.0551168372913073,0.000712359999999964,0.0735,-0.000653320000000005
1.552,4.2632564145606e-14,3.5527136788005e-15,-0.0693191240917486,-0.084330791898502,0.000818981857426238,-0.0551168349741822,0.000967479999999965,0.0735,-0.000881560000000034
1.56,0,-3.5527136788005e-15,-0.0693191240917486,-0.0843307918985033,0.000818981857426238,-0.0551168349741822,0.00122259999999988,0.0735,-0.00110980000000001
1.568,0,0,-0.0693191240917486,-0.0843307918985031,0.00081898185742979,-0.0551168349741826,0.0014777199999998,0.0735,-0.00133803999999995
1.576,0,3.5527136788005e-15,-0.0693191240917486,-0.0843307918985034,0.000818981857431567,-0.0551168349741813,0.00173283999999971,0.0735,-0.0015662799999999
1.584,2.8421709430404e-14,-7.105427357601e-15,-0.0693191240917201,-0.0843307918985035,0.000818981857428014,-0.0551168349741822,0.00198795999999963,0.0735,-0.00179451999999984
1.592,-1.4210854715202e-14,3.5527136788005e-15,-0.0693191240917486,-0.0843307918985028,0.000818981857426238,-0.0551168349741822,0.00224307999999954,0.0735,-0.00202275999999983
1.6,-1.4210854715202e-14,3.5527136788005e-15,-0.0693191240917486,-0.0843307918985027,0.000818981857426238,-0.0551168349741831,0.00249819999999945,0.0735,-0.00225099999999995
1.608,-1.4210854715202e-14,3.5527136788005e-15,-0.0693191240917486,-0.084330791898503,0.000818981857428014,-0.0551168349741822,0.00275331999999937,0.0735,-0.00247924000000006
1.616,-1.4210854715202e-14,3.5527136788005e-15,-0.0693191240917486,-0.0843307918985028,0.00081898185742979,-0.0551168349741831,0.00300843999999928,0.0735,-0.00270748000000018
1.624,-1.4210854715202e-14,3.5527136788005e-15,-0.0693191240917486,-0.0843307918985029,0.000818981857431567,-0.0551168349741826,0.0032635599999992,0.0735,-0.0029357200000003
1.632,1.65462608947564e-07,3.48302897634767e-08,-0.0693190089770894,-0.0843307903824481,0.000818986114833109,-0.055116839158559,0.00356283999999908,0.0735,-0.00317200000000038
1.64,-1.4210854715202e-13,-4.9737991503207e-14,-0.0693191240915496,-0.084330792314875,0.000818982450073946,-0.0551168353205509,0.00390627999999893,0.0735,-0.00341632000000043
1.648,0,0,-0.0693191240917486,-0.0843307923148709,0.000818982450061512,-0.0551168353205536,0.00424971999999912,0.0735,-0.00366064000000047
1.656,0,0,-0.0693191240917486,-0.0843307923148708,0.000818982450054406,-0.0551168353205527,0.00459315999999932,0.0735,-0.00390496000000052
1.664,0,0,-0.0693191240917486,-0.0843307923148707,0.000818982450056183,-0.0551168353205531,0.00493659999999951,0.0735,-0.00414928000000057
1.672,0,0,-0.0693191240917486,-0.0843307923148708,0.00081898245005263,-0.055116835320554,0.0052800399999997,0.0735,-0.00439360000000062
1.68,-1.83078063185968,0.542444009837368,0.814175331736749,-0.0549383640079212,0.263854142480886,-0.155706893222293,0.0056234799999999,0.0735,-0.00463792000000066
1.688,-4.24775736928298,0.202450738835516,2.32869798297668,-0.181619774606696,0.614099429805597,-0.279226609006715,0.00596692000000009,0.0735,-0.00488224000000071
1.696,-0.276199412289827,-0.129854769236111,0.0311928686558645,-0.107716298052654,0.0402196491575886,-0.0684754248889825,0.00631036000000029,0.0735,-0.00512656000000076
1.704,-3.3441666167882,-0.393112350139376,2.13771438673155,-0.254810470611367,0.486408729093764,-0.226940743128722,0.00665380000000048,0.0735,-0.00537088000000081
1.712,-0.683881158112797,-0.225218675369831,0.345034239218251,-0.137465636022709,0.0998034903849891,-0.0890124421514531,0.00699724000000068,0.0735,-0.00561520000000086
1.72,-1.36550875388394,-0.381858311576039,0.686662002434446,-0.177231626516879,0.197847615577118,-0.12339880606911,0.00734068000000087,0.0735,-0.0058595200000009
1.728,-0.816183994629341,-0.282871750651765,0.377158956096082,-0.147187350287679,0.118537651434204,-0.0954396000739326,0.00768412000000107,0.0735,-0.00610384000000095
1.736,-2.46009265318202,-1.48923013584067,3.13508672306409,-0.164552726600726,0.371037111541078,-0.0534733407208381,0.00802756000000126,0.0735,-0.006348160000001
1.744,-3.27383705996142,-3.27149715122189,6.34702998666472,-0.16571594241779,0.511434865808345,0.103857263402827,0.00837100000000146,0.0735,-0.00659248000000105
1.752,-5.01510111117393,-5.21090587265441,9.613470508668,-0.243403726174304,0.781782491538486,0.182538919874062,0.00871444000000165,0.0735,-0.00683680000000109
1.76,-5.26305677250379,-6.38302755849412,11.7953807596322,-0.240501854820601,0.834513043783614,0.263311163972487,0.00905788000000185,0.0735,-0.00708112000000114
1.768,-6.28438670201167,-7.69548382601936,15.0580499245943,-0.211061154484237,1.00424703782789,0.347449447399934,0.00940132000000204,0.0735,-0.00732544000000119
1.776,-7.97329947939348,-9.56520692957909,19.0092729734613,-0.217326878398012,1.2730040462273,0.472864543191996,0.00974476000000224,0.0735,-0.00756976000000124
1.784,-9.29333185882697,-10.7101750470836,22.6284712522575,-0.142718553837186,1.48744161780426,0.570881998792767,0.0100882000000024,0.0735,-0.00781408000000128
1.792,-10.8572515777175,-12.1503145173347,26.2088541123404,-0.111843077789216,1.73566721726235,0.687646240914503,0.0104316400000026,0.0735,-0.00805840000000064
1.8,-11.745656537947,-12.9603761875959,28.3078276783608,-0.0881413440482097,1.87721313367447,0.755351607733191,0.0107750800000028,0.0735,-0.00830271999999999
1.808,-11.972707120224,-13.4259246374624,29.0091482773853,-0.107027313458582,1.9147458572467,0.77462966033622,0.011118520000003,0.0735,-0.00854703999999934
1.816,-13.4882360225179,-14.1113016592222,29.545902216394,-0.218764779646644,2.13082935205149,0.71520880119558,0.0114619600000032,0.0735,-0.0087913599999987
1.824,-10.3019731277629,-13.2713562494265,26.3706939940093,-0.266428356126712,1.65922555563048,0.611027214596651,0.0118054000000034,0.0735,-0.00903567999999805
1.832,-2.10437494410006,-5.17174893834844,8.05710564831995,-0.311362944672241,0.3617796307426,-0.0106710738922025,0.0121488400000036,0.0735,-0.0092799999999974
1.84,-0.736849394018208,-0.138928787520236,0.0420642068000348,-0.109488687283036,0.104411437952891,-0.0923360977598677,0.0124922800000038,0.0735,-0.00952431999999676
1.848,-1.18966637603305,-0.433023923505434,0.146975423046172,-0.155773793451384,0.167966432799069,-0.113358002582071,0.012835720000004,0.0735,-0.00976863999999611
1.856,-3.8357216314096,-0.583163268564988,2.36536770805131,-0.203470512985664,0.555316170688043,-0.14718254920472,0.0131791600000042,0.0735,-0.0100129599999955
1.864,-2.82661488926196,0.557290096481452,4.73384492376235,0.141162294002941,0.435081877013085,-0.05463840831945,0.0135226000000044,0.0735,-0.0102572799999948
1.872,-3.78013634912543,1.02944765399136,6.7818208076165,0.289672505853058,0.585054227250767,-0.0390509296550539,0.0138660400000046,0.0735,-0.0105015999999942
1.88,-3.83954295436291,1.60581433873467,8.75244556309664,0.462347413387187,0.609769319444283,-0.0217350379674981,0.0142094800000048,0.0735,-0.0107459199999935
1.888,-3.65808875086105,1.79549978736108,9.20928589375052,0.502011797137759,0.587888571598899,-0.0229892476150182,0.014552920000005,0.0735,-0.0109902399999929
1.896,-3.4666698970906,1.68706646091128,9.61154463509286,0.518827545626202,0.564213125509697,-0.0218585762696084,0.0148963600000052,0.0735,-0.0112345599999922
1.904,-2.65499913872243,1.09206845370716,9.88040916790263,0.466652606417578,0.455090548367767,-0.042237061691639,0.0152398000000054,0.0735,-0.0114788799999916
1.912,-3.15215035243925,0.368065763221171,10.5612346566691,0.400292471954042,0.530535547695239,-0.0117815202537419,0.0155832400000055,0.0735,-0.0117231999999909
1.92,-4.38415243542475,0.891991155691557,13.5356770981727,0.551689704889576,0.72524119716976,-0.043067427290834,0.0159266800000057,0.0735,-0.0119675199999903
1.928,-6.88910042473954,2.06474831456657,15.4136882302086,0.719547350067297,1.08437115241997,-0.0946297006151027,0.0162701200000059,0.0735,-0.0122118399999897
1.936,-6.19725331579824,2.25989932291555,15.7846915871968,0.77755445119542,0.989881687203097,-0.0699609517347288,0.0166135600000061,0.0735,-0.012456159999989
1.944,-5.96510584137225,2.61860100686965,16.7336128763676,0.909361762763495,0.966611305733055,-0.0329495177978125,0.0169570000000063,0.0735,-0.0127004799999884
1.952,-6.86127290296496,2.14259908828083,18.1718641998076,0.871737861075165,1.10299669417341,-0.0299718520795627,0.0173004400000065,0.0735,-0.0129447999999877
1.96,-4.54435805324566,2.57013416488686,18.5464542888857,0.995732350007561,0.784318917268127,-0.0482234422259191,0.0176438800000067,0.0735,-0.0131891199999871
1.968,-4.99444681006165,2.45207211811059,19.541759232001,0.994348505006489,0.853901629853596,-0.05660257375387,0.0179873200000069,0.0735,-0.0134334399999864
1.976,-4.25308381945773,2.98862962450092,20.487669577679,1.09946182596132,0.757943655480135,-0.0734904379593839,0.0183307600000071,0.0735,-0.0136777599999858
1.984,-3.39133649113784,3.1101568063706,19.8462983187876,1.09880395341658,0.632496148861211,-0.0929335554384845,0.0186742000000073,0.0735,-0.0139220799999851
1.992,-2.99705171848056,2.98412597344922,18.8210765373665,1.04510292798934,0.567530546198048,-0.106679616157234,0.0190176400000075,0.0735,-0.0141663999999845
2,-2.99432159119405,2.65981841963377,18.2261027714588,0.985908313356517,0.560660499253659,-0.096971279218045,0.0193610800000077,0.0735,-0.0144107199999838
2.008,-3.64047232979844,1.78940929483937,18.0183546370463,0.861696755686694,0.651679454382226,-0.0279446268344721,0.0197045200000079,0.0735,-0.0146550399999832
2.016,-3.29760024748174,1.74359865910099,17.4519592704306,0.846513857185707,0.600760201510225,-0.0297087724654084,0.0200479600000081,0.0735,-0.0148993599999825
2.024,-3.1639257816779,1.79493718826141,18.0581792937646,0.871957064339742,0.585986842395211,-0.0325247833345124,0.0203914000000083,0.0735,-0.0151436799999819
2.032,-2.79970936303161,2.0552371832288,18.5040592271141,0.922292213946911,0.541276819179796,-0.0762155859993725,0.0207348400000085,0.0735,-0.0153879999999813
2.04,-2.92954529073768,1.35828819282164,18.7901276167738,0.867496893368886,0.566119886150361,-0.0217827655767646,0.0210782800000087,0.0735,-0.0156323199999806
2.048,-1.64273622933383,2.00179944920104,18.0766869474402,0.888976748591703,0.381896517887048,-0.113760264384905,0.0214217200000089,0.0735,-0.0158766399999814
2.056,-1.51914048177622,2.54051541332095,19.1360782884339,0.98634035520928,0.376079349254325,-0.148963078199693,0.0217651600000091,0.0735,-0.0161209599999821
2.064,-2.98289555138872,0.933966426476736,21.4057963111523,0.877204198217203,0.601386730280527,-0.0499121061787324,0.0221086000000092,0.0735,-0.0163652799999829
2.072,-3.31956299473313,0.188619259455017,22.450296777134,0.806288237010122,0.659926573897597,-0.0288161007418308,0.0224520400000094,0.0735,-0.0166095999999836
2.08,-3.76207455937526,0.32944275208861,23.0227733688279,0.861124782040849,0.723010156919569,-0.0722876194163882,0.0227954800000096,0.0735,-0.0168539199999844
2.088,-1.82754978551996,0.675877379571993,22.956004445612,0.913456025619282,0.459552470534975,-0.103820866189718,0.0231389200000098,0.0735,-0.0170982399999851
2.096,-4.84465960575381,2.5642979375268,28.9549676344238,1.02735974336019,0.934197770504059,-0.234375113014679,0.02348236000001,0.0735,-0.0173425599999858
2.104,-6.20419835967435,4.30779645112852,32.3090469039089,1.15205515871101,1.15284083731881,-0.342654572291426,0.0238258000000102,0.0735,-0.0175868799999866
2.112,-7.37210759001962,5.21396981668998,34.8971653666106,1.19079032420029,1.34545643671935,-0.414903330766632,0.0241692400000104,0.0735,-0.0178311999999873
2.12,-12.6989427440645,5.71066469940674,39.3116527246127,1.32484141890215,2.13288232700126,-0.317045108821396,0.0245126800000106,0.0735,-0.0180755199999881
2.128,-17.2228450761902,4.00973084384015,41.6448842723017,1.08233252299039,2.7868096844212,-0.196792118545569,0.0248561200000108,0.0735,-0.0183198399999888
2.136,-18.1562086962017,4.94155046661471,42.849213619638,1.05349292990707,2.93165388484903,-0.248330852078394,0.025199560000011,0.0735,-0.0185641599999895
2.144,-18.2338304008322,8.63272407899751,48.559185030988,1.21365300726397,2.97163105737435,-0.718400437426081,0.0255430000000112,0.0735,-0.0188084799999903
2.152,-26.2549395915868,10.4252988987101,58.7542863500108,1.30255974607762,4.16891349406544,-0.79426826685308,0.0258864400000114,0.0735,-0.019052799999991
2.16,-29.7732127802825,8.29547708407405,64.4120857627713,0.901743596713328,4.70773556645184,-0.814176161595625,0.0262298800000116,0.0735,-0.0192971199999918
2.168,-32.3958516694009,7.59371414058276,68.5517049251697,0.672984908921609,5.14115637286378,-0.777434051987976,0.0265733200000118,0.0735,-0.0195414399999925
2.176,-33.6261337888689,6.6218747339762,72.8239847353229,0.421909843219324,5.38976048987656,-0.823543415138878,0.026916760000012,0.0735,-0.0197857599999933
2.184,-32.5422645693783,4.51109157419326,74.3875721067787,0.0930654979401828,5.28024334101802,-0.749310158537757,0.0272602000000122,0.0735,-0.020030079999994
2.192,-33.794584228238,2.86246887358217,78.1329343746418,-0.174648477596181,5.50739852631825,-0.660770968040348,0.0276036400000124,0.0735,-0.0202743999999947
2.2,-31.8680561740306,1.59828755019392,81.4374618643177,-0.423533901740698,5.31543670776639,-0.784996274528027,0.0279470800000126,0.0735,-0.0205187199999955
2.208,-29.6104738495893,1.78638369384651,80.6945000584769,-0.375405590375261,5.00298206249132,-0.746390858816472,0.0282905200000127,0.0735,-0.0207630399999962
2.216,-30.822174191635,1.4480456926455,80.9655277500075,-0.424536862487501,5.16621338275967,-0.735764319218271,0.0286339600000129,0.0735,-0.021007359999997
2.224,-34.6260732176854,1.25501159863682,83.3826859776398,-0.440268053323549,5.72285079502639,-0.679592288462921,0.0289774000000131,0.0735,-0.0212516799999977
2.232,-37.6335115579576,1.17855919150627,84.2245534508637,-0.491015769080008,6.1640372320778,-0.596484559740982,0.0293208400000133,0.0735,-0.0214959999999985
2.24,-39.1295974971356,3.20020366560556,82.7403314495916,-0.179088759494616,6.35186411184664,-0.691413267912739,0.0296642800000135,0.0735,-0.0217403199999992
2.248,-36.2881732243142,2.7103139727142,79.1884201735955,-0.208113874144296,5.93269347259201,-0.625373727991758,0.0300077200000137,0.0735,-0.0219846399999999
2.256,-33.7784854219257,2.16814802098184,75.1718738658167,-0.232602149649739,5.52906578836914,-0.595765101711851,0.0303511600000139,0.0735,-0.0222289600000007
2.264,-32.4006212802548,-0.321581997834704,73.9314425301631,-0.698878891704032,5.33693812390134,-0.747118196893281,0.0306946000000141,0.0735,-0.0224732800000014
2.272,-31.2616884260835,-2.06631160402585,74.1549937431035,-0.908567072552604,5.16686610541515,-0.624586255406813,0.0310380400000143,0.0735,-0.0227176000000022
2.28,-19.2303105049818,0.764222154945532,69.7539675036924,-0.353832862853103,3.44653379936348,-0.441206595830443,0.0313814800000145,0.0735,-0.0229619200000029
2.288,-4.06914420270947,0.0513130395360335,64.1747983031428,-0.140022378240047,1.31831626569949,-0.0535124281956243,0.0317249200000147,0.0735,-0.0232062400000036
2.296,0.0522568355959123,1.44984635786032,65.5836511880097,0.218965132350013,0.814592642551714,0.0385918608629834,0.0320683600000149,0.0735,-0.0234505600000044
2.304,-8.10370504943358,1.98759116242789,72.3295964431301,0.0497101943802042,1.98284487952237,-0.117259858315877,0.0324118000000151,0.0735,-0.0236948800000051
2.312,-7.12614786625316,1.49942434411159,73.3827810295125,-0.197341569670398,1.87795721702464,-0.318872166772384,0.0327552400000153,0.0735,-0.0239392000000059
2.32,-3.47584068857461,0.822670513753406,71.8696265855534,-0.236559819433487,1.3779546559402,-0.230342830978864,0.0330986800000155,0.0735,-0.0241835200000066
2.328,-4.34261055821043,-0.356442732967471,76.4077753797373,-0.267705989950262,1.59871627535385,-0.211504176706963,0.0334421200000157,0.0735,-0.0244278400000074
2.336,-1.78155491441767,-2.88191566553957,76.8860638397547,-0.506648479937064,1.29762307491194,-0.0662217755063745,0.0337855600000159,0.0735,-0.0246721600000081
2.344,-0.630070438039608,-4.24714549722988,77.072092488604,-0.620392002748326,1.18490025101183,-0.0379244954830691,0.0341290000000161,0.0735,-0.0249164800000088
2.352,1.67464217055963,-4.40137270639952,75.9903983968961,-0.494859909328791,0.875615818533289,0.00587864937703908,0.0344724400000163,0.0735,-0.0251608000000096
2.36,0.458409791757307,-5.6906764291427,76.6129663426351,-0.560985348174587,1.05692804253346,0.0696800904599823,0.0348158800000164,0.0735,-0.0254051200000103
2.368,2.06285542701828,-5.39950860874434,72.8329482908114,-0.487084396250018,0.811228124994372,0.0297379890534536,0.0351593200000166,0.0735,-0.0256494400000111
2.376,3.83366650598299,-4.87603003637782,66.051361139492,-0.268674996148111,0.517720620154553,0.135203371909377,0.0355027600000168,0.0735,-0.0258937600000118
2.384,2.60756414604869,-5.88258481725038,59.7513205059287,-0.331627979233579,0.618118535307762,0.163088524044273,0.035846200000017,0.0735,-0.0261380800000125
2.392,1.33968179209618,-6.91207330275594,53.1187818551538,-0.541221924336193,0.734899081377985,0.140416609515109,0.0361896400000172,0.0735,-0.0263824000000133
2.4,1.44222805461481,-5.07291584378703,50.7685940523798,-0.39686412553916,0.705649866271286,0.153276797763861,0.0365330800000174,0.0735,-0.026626720000014
2.408,-2.58584887350804,-4.33872149879203,51.6371659895313,-0.443216130565842,1.28773403358371,0.154740393911063,0.0368765200000176,0.0735,-0.0268710400000148
2.416,-7.02002579072292,-4.69260772808469,61.5510621891011,-0.614625721381922,1.99819244246639,0.108480312977457,0.0372199600000178,0.0735,-0.0271153600000155
2.424,-9.98021457170848,-5.19469485356677,69.5370603004265,-0.44040801912017,2.49107906802268,0.42463390210223,0.037563400000018,0.0735,-0.0273596800000163
2.432,-12.509697279381,-6.92801657139243,79.2266482498282,-0.803613283050877,2.93340335980587,0.394990963929933,0.0379068400000182,0.0735,-0.027604000000017
2.44,-12.5203724842329,-8.1235134768159,81.1006634264344,-1.12130221214877,2.96384879101385,0.465964676468418,0.0382502800000184,0.0735,-0.0278483200000177
2.448,-16.4802096739261,-9.10407404813165,89.062190513021,-1.68018276701131,3.59394299096369,0.165443540873018,0.0385937200000186,0.0735,-0.0280926400000185
2.456,-17.1607967543003,-9.66400743339965,94.2282021174007,-1.82773859075374,3.77824912077096,0.281980481232994,0.0389371600000188,0.0735,-0.0283369600000192
2.464,-21.3881321188333,-9.78488378660404,86.6526550044354,-2.13702036140488,4.22250314042302,-0.100469742087742,0.0393203200000192,0.0735,-0.0285568400000198
2.472,-18.9281229807125,-11.6779564031536,79.8232855271641,-2.37484923286701,3.71777773559429,0.213407794987547,0.0397432000000197,0.0735,-0.0287522800000202
2.48,-24.5445577457123,-12.6771232192795,79.8031848456686,-2.71336689531176,4.40466636595223,-0.188672148243535,0.0401660800000203,0.0735,-0.0289477200000205
2.488,-16.5363436652316,-11.7086008398441,69.6058415766639,-2.60793383585034,3.1060146022508,0.0877018704851754,0.0405889600000209,0.0735,-0.0291431600000209
2.496,-12.8967377472782,-11.3901393748613,58.612127347149,-2.98928906467494,2.41986032368833,-0.13234143455418,0.0410118400000214,0.0735,-0.0293386000000213
2.504,-12.3540981674111,-11.2296917314279,57.846517348248,-2.95933426879319,2.26765984300463,0.00948047123890747,0.041434720000022,0.0735,-0.0295340400000217
2.512,-12.0732493782332,-11.103501877763,56.2937232231234,-2.92193984516809,2.15979566567293,0.298489109438448,0.0418576000000226,0.0735,-0.0297294800000221
2.52,-9.59318569404405,-11.4817202309817,53.361617762216,-3.05309595579789,1.78319470787903,0.386771184179364,0.0422804800000232,0.0735,-0.0299249200000224
2.528,-10.2955044180069,-10.9192877229175,53.0900488223142,-3.14909140660169,1.86761784436893,0.23992956830585,0.0427033600000237,0.0735,-0.0301203600000228
2.536,-7.48835654377459,-10.0686840729931,51.7379574140619,-2.87968131897924,1.45895050488477,0.261833148645901,0.0431262400000243,0.0735,-0.0303158000000232
2.544,-5.72087264613228,-9.27424015417605,40.5904621125254,-3.00026075611965,1.12383409063494,0.297501414825312,0.0435491200000249,0.0735,-0.0305112400000236
2.552,-3.82037021545029,-8.72843672111855,34.6581693655726,-2.78861892576773,0.801713156472294,0.508022883464912,0.0439720000000254,0.0735,-0.030706680000024
2.56,-6.40627911760949,-9.56516515962071,30.9736412110544,-2.88604465039568,1.10719063149784,0.377412101664556,0.044394880000026,0.0735,-0.0309021200000243
2.568,-5.03113405515466,-9.25682836773858,28.1581432015771,-2.75285084419712,0.90084859438775,0.295603500503383,0.0448177600000266,0.0735,-0.0310975600000247
2.576,-5.61260330782482,-6.6269298155341,23.6842586424009,-2.06115802479998,0.94872962193302,0.458559779287137,0.0452406400000271,0.0735,-0.0312930000000251
2.584,-14.3689125206292,-3.2541332199888,18.6145994407496,-1.15689818194356,2.11685328908292,0.177363349081781,0.0456635200000277,0.0735,-0.0314884400000255
2.592,-15.6227112267707,-2.56067559107113,19.4099200527212,-1.10110972355255,2.31449170339163,-0.0162933990385763,0.0460864000000283,0.0735,-0.0316838800000259
2.6,-14.8595214572436,-1.9951879362739,21.3043027895879,-1.10400182022619,2.2279755863733,-0.146527172037057,0.0465092800000288,0.0735,-0.0318793200000262
2.608,-18.7821369041471,-1.23957896056406,22.4928516200488,-1.0050327637825,2.74789872789007,-0.11068290146691,0.0469321600000294,0.0735,-0.0320747600000266
2.616,-21.980042187675,-1.00135085213016,27.600174542621,-1.13127182893176,3.24100665377726,-0.274441121057469,0.04735504000003,0.0735,-0.032270200000027
2.624,-28.1713812037638,-0.941934383973237,31.3017539782417,-1.23346489685141,4.11853430357994,-0.378833279886265,0.0477779200000306,0.0735,-0.0324656400000274
2.632,-32.8408517132607,-1.91026672030505,34.3253504052763,-1.2363697657506,4.77240486552237,-0.236821070766503,0.0482008000000311,0.0735,-0.0326610800000278
2.64,-35.9156515641182,-5.27632340770001,37.565407348118,-1.50283268908268,5.23906789692803,-0.133532870289255,0.0486236800000317,0.0735,-0.0328565200000281
2.648,-36.4244891761431,-8.66767063322369,40.1913754740011,-1.88736597873426,5.35797905002258,-0.0923306560369264,0.0490465600000323,0.0735,-0.0330519600000285
2.656,-39.6737642627011,-8.71569839147956,42.8331509989091,-2.06349081602005,5.78569870949717,-0.285045270239804,0.0494694400000328,0.0735,-0.0332474000000289
2.664,-38.1862258676198,-9.07372575896712,44.0012763222306,-2.21456588957079,5.59768195774647,-0.321466112557345,0.0498923200000334,0.0735,-0.0334428400000293
2.672,-38.4478691255035,-9.52721723665132,43.4442772263944,-2.25871734476416,5.62179679588215,-0.221203390049702,0.050315200000034,0.0735,-0.0336382800000296
2.68,-35.8677401389,-9.97353453932084,42.6189450838322,-2.24929455493253,5.26522618382699,-0.0648955900348446,0.0507380800000345,0.0735,-0.03383372000003
2.688,-34.95152250433,-8.7823202467223,39.9668582588701,-2.08948716054645,5.10105954321281,-0.120028247164226,0.0511609600000351,0.0735,-0.0340291600000304
2.696,-32.5957630994759,-7.08537120096219,37.7894524621684,-1.86175805214,4.74615501407929,-0.192232439357187,0.0515838400000357,0.0735,-0.0342246000000308
2.704,-38.4695906330986,-6.26039295779989,46.4983895113068,-1.70085874278911,5.6284375506584,-0.101500765572311,0.0520067200000362,0.0735,-0.0344200400000312
2.712,-49.1348537658161,-7.25686123167062,59.4480382060701,-1.58528732174836,7.21932298781745,0.123304877658904,0.0524296000000368,0.0735,-0.0346154800000315
2.72,-46.6194768298154,-9.80087815075345,65.7989446759072,-1.91432794371684,6.95409801163505,0.258462342198048,0.0528524800000374,0.0735,-0.0348109200000319
2.728,-43.538707951496,-9.5850297961858,74.5137998695744,-1.86783201550412,6.61603433693987,0.303044205726143,0.053275360000038,0.0735,-0.0350063600000323
2.736,-45.3857603105393,-10.9153583439731,84.6402992546933,-2.03331725198589,6.96365749638313,0.441315576236766,0.0536982400000385,0.0735,-0.0352018000000327
2.744,-53.060826275221,-8.19877719195806,93.0104110329266,-1.75337935127934,8.00375875552507,0.258862024746298,0.0541211200000391,0.0735,-0.0353972400000331
2.752,-45.7152145781991,-6.46928100297613,87.837299757429,-1.57597829513307,6.95809815872365,0.253644580669038,0.0545440000000397,0.0735,-0.0355926800000334
2.76,-40.9856925557858,-2.87927154032492,78.0021138592783,-0.900735332394873,6.1919413832904,0.406365938099746,0.0549668800000402,0.0735,-0.0357881200000338
2.768,-32.9981558558315,8.55635091307627,50.1059626931476,-0.344992766570957,4.8302883346767,0.330404716242861,0.0553897600000408,0.0735,-0.0359835600000342
2.776,-27.6380319571668,6.55655106027286,50.2686990050955,-0.434994125403337,4.14517715669214,0.463926912148558,0.0558126400000414,0.0735,-0.0361790000000346
2.784,-29.9569098606444,-0.100885234605895,48.4319769636837,-1.09956151222009,4.45499611161546,0.603352597193485,0.0562355200000419,0.0735,-0.036374440000035
2.792,-34.3954747651895,-3.14640688074378,48.4575590167716,-1.41186724229529,5.09921606916049,0.377743469307292,0.0566584000000425,0.0735,-0.0365698800000353
2.8,-35.9533459739511,-1.34044808158896,48.4698015110259,-1.15056748335535,5.29507414067135,0.398222342860243,0.0570812800000431,0.0735,-0.0367653200000357
2.808,-28.0739003207588,1.96741716551803,43.0284363876895,-0.50712990050579,4.18478698884612,0.579666353779066,0.0575041600000437,0.0735,-0.0369607600000361
2.816,-29.671655813926,3.30621106067344,47.178139698847,-0.278380915691021,4.42862696390837,0.725972199458513,0.0579270400000442,0.0735,-0.0371562000000365
2.824,-28.936984390616,5.71853978189202,49.6940415702801,0.00953635607955403,4.37016747923045,0.725365139749553,0.0583499200000448,0.0735,-0.0373516400000369
2.832,-28.3778925502183,3.8841654811054,51.4972122006044,-0.325212666391319,4.31321943637628,0.636665965088115,0.0587728000000454,0.0735,-0.0375470800000372
2.84,-27.4617466709613,4.14553510903263,53.7097702276336,-0.281111016918853,4.21667244766355,0.744325145911727,0.0591956800000459,0.0735,-0.0377425200000376
2.848,-30.7540743830474,2.9673457405866,57.1330204813491,-0.545186045591938,4.67533547221625,0.690082514739019,0.0596185600000465,0.0735,-0.037937960000038
2.856,-29.6140459051562,1.12821292590675,59.8802495499738,-0.88661403314328,4.55288487776737,0.862677641142379,0.0600414400000471,0.0735,-0.0381334000000384
2.864,-28.1731171611922,1.99498753269629,62.6764694484778,-0.817550814320108,4.40668139642791,0.914918418469401,0.0604643200000476,0.0735,-0.0383288400000388
2.872,-34.9248885755634,3.72058184256414,67.1671682906019,-0.509769631598849,5.28276352978348,1.27231592755973,0.0608872000000482,0.0735,-0.0385242800000391
2.88,-36.8763228728431,1.29113319227108,68.416202396229,-0.877723631402608,5.51915478560437,1.33015458748275,0.0613100800000488,0.0735,-0.0387197200000395
2.888,-34.7699102389707,0.0911801243145975,68.0104538829319,-1.05673686667776,5.25475987745299,1.20047234503388,0.0617329600000493,0.0735,-0.0389151600000399
2.896,-31.5165314072111,-0.279056275569896,65.9799930082545,-1.1399601007038,4.80681811098912,1.0872786280467,0.0621558400000499,0.0735,-0.0391106000000403
2.904,-28.9024768388874,-1.4333824792597,64.2006498665042,-1.2473681264678,4.4386409348614,1.17218814614142,0.0625787200000495,0.0735,-0.0393060400000407
2.912,-28.105403630373,-3.49255387864361,60.9087398644829,-1.43182171358939,4.28066523545851,1.14276979145627,0.0630016000000445,0.0735,-0.039501480000041
2.92,-27.480909974983,-4.08687711644182,58.8408813460062,-1.47620437517828,4.20800665139864,1.05913399964757,0.0634244800000395,0.0735,-0.0396969200000414
2.928,-32.1711524938294,-2.7929396689034,62.5204703188345,-0.964011885025954,4.90676765063847,0.859241174235701,0.0638473600000345,0.0735,-0.0398923600000418
2.936,-29.3953802828918,-1.48537010061181,64.984251866591,-0.564421960123563,4.53575540855814,0.995067891513201,0.0642702400000295,0.0735,-0.0400878000000422
2.944,-31.9111679914806,0.808150464319319,64.1027704646122,-0.0567074978595117,4.84206083453451,0.916109002333594,0.0646931200000245,0.0735,-0.0402832400000426
2.952,-28.8988294155274,1.49814695222691,64.0709480228294,-0.0100451782746553,4.41651988538616,0.809316819153117,0.0651160000000196,0.0735,-0.0404786800000429
2.96,-35.2023897077544,2.46391123755713,65.2102754616242,-0.304571741272664,5.27360162616638,0.0654314559892946,0.0655388800000146,0.0735,-0.0406741200000433
2.968,-47.0742117023221,3.59823215798088,70.3226562518753,-0.170690898338113,6.87302097139966,-0.0817535359479693,0.0659617600000096,0.0735,-0.0408695600000437
2.976,-51.2947414741638,1.57110872649688,69.7566248011656,-0.440301024100637,7.40694067911225,0.162527660283165,0.0663846400000046,0.0735,-0.0410650000000441
2.984,-47.745025715523,1.77466474979052,64.2812341755109,-0.505481864048949,6.83618673834671,0.138483797759723,0.0668075199999996,0.0735,-0.0412604400000445
2.992,-40.9472837339682,-0.199972283895617,57.6711898274215,-0.739282409810062,5.92143043754508,0.07059436208051,0.0672303999999947,0.0735,-0.0414558800000448
3,-33.2858119264997,-1.32906374738618,48.9185429319861,-0.374455506558181,4.87647440617384,0.558337653364655,0.0676532799999897,0.0735,-0.0416513200000452
3.008,-37.0815391753737,0.553775826292904,49.0372830896031,-0.0660033448067813,5.4045563592753,0.794838038466931,0.0680761599999847,0.0735,-0.0418467600000456
3.016,-38.6766468534264,2.23630749849481,50.9987896400118,0.454976118856772,5.61124248369268,0.682398511776052,0.0684990399999797,0.0735,-0.042042200000046
3.024,-39.55072527378,2.83072737690206,57.6041310540577,0.795034343077417,5.82933222951373,0.602520266454933,0.0689219199999747,0.0735,-0.0422376400000464
3.032,-44.4037533441848,2.4639639102602,64.7581527917852,1.00682877261707,6.55595181391895,0.695805580572914,0.0693447999999697,0.0735,-0.0424330800000467
3.04,-45.0353137156414,4.88960501282061,51.4667136623377,2.08182377755852,6.44077764209969,0.668668776289173,0.0697676799999648,0.0735,-0.0426285200000471
3.048,-41.7818520067057,6.26523663681152,55.6399577798195,2.05906974791269,6.05501339054143,0.498733393793055,0.0701905599999598,0.0735,-0.0428239600000475
3.056,-44.8189389783488,7.99289400128164,63.1966649068102,2.00003727621051,6.50025556234049,-0.0430464264732222,0.0706134399999548,0.0735,-0.0430194000000479
3.064,-46.5247039536706,10.5108579694137,70.7548086280059,2.22952640981451,6.79119914955859,-0.303033167244609,0.0710363199999498,0.0735,-0.0432148400000483
3.072,-46.4840857872061,9.19071875413106,72.1554013359164,2.03244331535495,6.78271121787396,-0.248236212194907,0.0714591999999448,0.0735,-0.0434102800000486
3.08,-46.4624493780606,6.06564217087601,69.0420137700328,1.57284247252787,6.72785553525638,-0.246477061138056,0.0718820799999399,0.0735,-0.043605720000049
3.088,-43.6910443964889,3.2787822753424,70.4836996011929,1.20068833474988,6.32922834418936,-0.316108623041942,0.0723049599999349,0.0735,-0.0438011600000494
3.096,-36.6645678452446,3.21738790535314,69.1031358492573,1.21136929672539,5.37707672270961,-0.530167323202712,0.0727278399999299,0.0735,-0.0439966000000498
3.104,-29.3060941551147,-0.409372768938226,68.1957858902889,1.1161090287197,4.50934545742301,-0.179042648886362,0.0731507199999249,0.0735,-0.0441920400000502
3.112,-33.9448636497838,-4.26086828313923,72.6955783836324,1.19013411869253,5.24047738072379,0.446332423741398,0.0735735999999199,0.0735,-0.0443874800000505
3.12,-40.5112229903938,-6.64984007397465,80.6526374278505,1.01864868448135,6.15842524518246,0.618316867985362,0.0739964799999149,0.0735,-0.0445829200000509
3.128,-51.3090322918893,-1.93906000339722,82.4404302457165,1.44738146804675,7.59539788695519,0.71854216947659,0.07441935999991,0.0735,-0.0447783600000513
3.136,-49.7589447462862,-0.150431198969283,80.1015529041204,1.45640523654383,7.42359299072747,0.502956473839936,0.074842239999905,0.0735,-0.0449738000000517
3.144,-45.5222988098856,4.40919225510843,77.8597294164853,1.67201834883091,6.85712170463489,0.258940244453672,0.0752651199999,0.0735,-0.0451692400000521
3.152,-41.5567973961522,7.83157114004778,75.9810666176228,1.64454367220542,6.35550205805445,-0.0361209402780917,0.075687999999895,0.0735,-0.0453646800000524
3.16,-45.8162314700436,7.66916202382806,76.0575216790182,1.26544580280198,6.93006239055987,-0.0833088496968327,0.07611087999989,0.0735,-0.0455601200000528
3.168,-47.1744773164727,7.61344338302967,78.226122918598,0.980338669574878,7.12533825305642,-0.273946889140441,0.0765337599998851,0.0735,-0.0457555600000532
3.176,-59.3868674889945,9.88185247238208,81.0406710346835,1.09354564847,8.69522527234464,-0.5051548168743,0.0769566399998801,0.0735,-0.0459510000000536
3.184,-76.198150666931,14.4435101657582,92.0064859134525,1.68198024157184,11.0262408927024,-0.746784560882768,0.0773795199998751,0.0735,-0.046146440000054
3.192,-79.5121991647677,16.7200045011733,96.2712011287306,1.9929334780078,11.5200437644614,-0.728826330462376,0.0778023999998701,0.0735,-0.0463418800000543
3.2,-82.4254485387602,18.3330019401181,96.1635552796156,2.11368048198305,11.8568204449372,-0.914209107435522,0.0782252799998651,0.0735,-0.0465373200000547
3.208,-71.0679447411629,15.3400458290869,74.7523165209417,1.24441412673326,10.1068661116342,-0.840947517192107,0.0786481599998601,0.0735,-0.0467327600000551
3.216,-71.2680514278291,16.624118381852,69.3029102384438,1.5144840375294,10.0927321988499,-0.540386582465286,0.0790710399998552,0.0735,-0.0469282000000555
3.224,-85.5558425848088,17.7398663701276,71.4908036279143,1.66752153942348,12.1513385446333,-0.885812366127104,0.0794939199998502,0.0735,-0.0471236400000559
3.232,-94.0288923714732,19.2700160152789,71.3658946428162,1.71545929376744,13.2476481462332,-1.18307687668205,0.0799167999998452,0.0735,-0.0473190800000562
3.24,-93.7653888436774,18.869864823296,67.3273449412658,1.65852373200606,13.1922400605773,-1.20197003569329,0.0803396799998402,0.0735,-0.0475145200000566
3.248,-92.0465447724736,20.0703317008049,63.0130705297593,1.80932322229611,12.9202652067357,-1.27995552951682,0.0807625599998352,0.0735,-0.047709960000057
3.256,-87.7107852334562,20.6684504234569,57.338834695511,1.7804458474558,12.3068912187825,-1.37105150835061,0.0811854399998303,0.0735,-0.0479054000000574
3.264,-82.7228217337951,21.6137468499068,55.3750623014605,1.84572030460091,11.5979856490795,-1.40029133696849,0.0816083199998253,0.0735,-0.0481008400000578
3.272,-79.1178704035718,19.7045524598461,55.4993505570867,1.55061539215874,11.1389743162058,-1.21185876373227,0.0820311999998203,0.0735,-0.0482962800000581
3.28,-78.900258746626,18.175065414161,54.9418694258318,1.24686029556506,11.0763465182136,-1.12415063600544,0.0824540799998153,0.0735,-0.0484917200000585
